itr,uniformity
1,0.1667868095504454
2,0.33098439428109055
3,0.4524023079363187
4,0.477405538960927
5,0.5396982745304195
6,0.5588024405045747
7,0.5879928920579359
8,0.6056531282052742
9,0.6544635125479338
10,0.7232040773072405
